{"cameraMode":{"drawMode":0,"name":"Shaded","section":"Shading Mode"},"sceneLighting":false,"audioPlay":false,"sceneViewState":{"m_AlwaysRefresh":false,"showFog":true,"showSkybox":false,"showFlares":true,"showImageEffects":true,"showParticleSystems":true,"showVisualEffectGraphs":true,"m_FxEnabled":true},"in2DMode":false,"pivot":{"x":0.04226088523864746,"y":0.693938136100769,"z":-0.9838380813598633},"rotation":{"x":0.07403835654258728,"y":-0.8513556718826294,"z":0.12501662969589234,"w":0.5041024684906006},"size":0.8660253882408142,"orthographic":false}